Station_name,Station_environment,x,y
CRMS0463-H01,Surface_Water,662189.5452619672,3263415.8778686216
CRMS6304-H01,Surface_Water,666986.7579472107,3255834.9182269825
